Domain,Status,Attractiveness,Demand,Length,Sectors,Created,Expires,Registrar
complete.world,resell,120,21%,8,"Manufacturing,Retail,Technology",23/01/2020 08:26,23/01/2026 08:26,"Xiamen ChinaSource Internet Service Co., Ltd"
second.world,resell,120,23%,6,"General,Mathematics",31/03/2017 23:21,31/03/2026 23:21,"Chengdu West Dimension Digital Technology Co., Ltd."
tenth.world,available,116,7%,5,Mathematics,,,
equal.world,resell,116,19%,5,"Education,General,Law",04/07/2020 16:13,04/07/2026 16:13,"DNSPod, Inc."
tonic.world,resell,114,22%,5,"Health and Fitness,Medicine,Science",06/07/2019 09:38,06/07/2026 09:38,"DNSPod, Inc."
hotshot.world,resell,112,14%,7,"Business,Entertainment,Sports",10/06/2025 20:00,10/06/2026 20:00,"Sav.com, LLC"
acute.world,resell,112,9%,5,"Mathematics,Medicine,Science",25/01/2025 21:42,25/01/2026 21:42,"Sav.com, LLC"
abstract.world,resell,108,29%,8,"Arts,Humanities,Science",24/11/2019 17:11,24/11/2025 17:11,"Chengdu West Dimension Digital Technology Co., Ltd."
abiding.world,available,106,5%,7,"General,Religion",,,
active.world,resell,104,27%,6,"Health and Fitness,Sports,Travel",14/01/2015 16:06,14/01/2026 16:06,"Global Domains International, Inc. DBA DomainCostClub.com"
absent.world,available,102,8%,6,"Business,Education,Technology",,,
remove.world,resell,100,13%,6,"Construction,Manufacturing,Technology",31/08/2024 17:00,31/08/2026 17:00,"Sav.com, LLC - 41"
eighth.world,available,100,6%,6,Mathematics,,,
abrupt.world,available,100,3%,6,"Medicine,Science",,,
adjunct.world,available,100,5%,7,Education,,,
crack.world,resell,100,20%,5,Sports,25/03/2018 16:16,25/03/2026 16:16,"Xiamen ChinaSource Internet Service Co., Ltd"
ninth.world,resell,100,9%,5,Mathematics,22/11/2024 17:00,22/11/2025 17:00,"Sav.com, LLC - 5"
sixth.world,resell,100,8%,5,Mathematics,12/02/2025 15:15,12/02/2026 15:15,"Sav.com, LLC - 7"
genius.world,resell,98,46%,6,"Arts,Education,Technology",30/03/2019 03:10,30/03/2028 03:10,"Chengdu West Dimension Digital Technology Co., Ltd."
academic.world,resell,96,20%,8,"Education,Humanities,Science",17/04/2017 22:43,17/04/2026 22:43,"Chengdu West Dimension Digital Technology Co., Ltd."
alamode.world,available,96,12%,9,Fashion,,,
adequate.world,available,94,9%,8,"Education,Healthcare,Technology",,,
about.world,expiring,94,28%,5,"Business,General,Media,Technology",16/09/2020 01:46,16/09/2025 01:46,"GoDaddy.com, LLC"
around.world,resell,94,22%,6,"Business,General,Media,Technology",29/03/2020 23:19,29/03/2026 23:19,"Chengdu West Dimension Digital Technology Co., Ltd."
derelict.world,available,92,7%,8,"Construction,Real Estate",,,
exemplary.world,available,92,5%,9,"Business,Education,Healthcare",,,
twentieth.world,available,92,3%,9,Mathematics,,,
neutral.world,resell,92,20%,7,"Business,Media,Politics",18/01/2024 15:15,18/01/2026 15:15,"Chengdu West Dimension Digital Technology Co., Ltd."
nought.world,available,92,4%,6,Mathematics,,,
adept.world,resell,92,24%,5,"Education,Health and Fitness,Sports",30/10/2024 17:00,30/10/2025 17:00,"Sav.com, LLC - 27"
adjective.world,available,92,5%,9,Education,,,
gripping.world,available,90,3%,8,"Entertainment,Media,Technology",,,
abortive.world,available,90,1%,8,"Medicine,Science",,,
riveting.world,available,90,6%,8,"Entertainment,Media,Technology",,,
endearing.world,available,90,1%,9,"Entertainment,Fashion,Retail",,,
adoring.world,available,90,2%,7,"Entertainment,Fashion,Retail",,,
eleven.world,resell,88,33%,6,Mathematics,11/02/2021 22:59,11/02/2026 22:59,"Chengdu West Dimension Digital Technology Co., Ltd."
twelve.world,expiring,88,18%,6,"General,Mathematics",06/09/2024 17:00,06/09/2025 17:00,"Sav.com, LLC - 23"
three.world,resell,88,24%,5,Mathematics,08/11/2021 13:15,08/11/2025 13:15,"Chengdu West Dimension Digital Technology Co., Ltd."
hundred.world,resell,88,14%,7,Mathematics,03/06/2025 15:15,03/06/2026 15:15,"Sav.com, LLC - 1"
ten.world,resell,88,28%,3,"General,Mathematics",08/07/2019 21:53,08/07/2026 21:53,"Spaceship, Inc."
xix.world,resell,86,11%,3,Mathematics,04/05/2025 16:59,04/05/2026 16:59,"Sav.com, LLC"
star.world,resell,86,40%,4,"Entertainment,Media,Sports",16/06/2023 15:15,16/06/2027 15:15,"Chengdu West Dimension Digital Technology Co., Ltd."
engrossing.world,available,86,0%,10,"Entertainment,Media,Technology",,,
intent.world,resell,86,25%,6,"Business,Education,Technology",20/10/2024 17:00,20/10/2025 17:00,"Sav.com, LLC - 17"
attendant.world,available,86,5%,9,"Healthcare,Hospitality,Transportation",,,
adolescent.world,available,86,3%,10,"Education,Entertainment,Healthcare",,,
extempore.world,available,86,3%,9,Entertainment,,,
cipher.world,resell,86,29%,6,Mathematics,01/07/2018 13:30,01/07/2026 13:30,"Chengdu West Dimension Digital Technology Co., Ltd."
recondite.world,available,86,4%,9,"Arts,Humanities,Science",,,
thousand.world,available,84,8%,8,Mathematics,,,
acting.world,resell,84,12%,6,Entertainment,08/01/2025 15:15,08/01/2026 15:15,"Sav.com, LLC - 34"
sharp.world,resell,84,34%,5,"Arts,Fashion",03/06/2018 08:16,03/06/2026 08:16,"DNSPod, Inc."
deviate.world,available,84,12%,7,"Medicine,Science",,,
thirteen.world,available,84,10%,8,Mathematics,,,
fourteen.world,available,84,8%,8,Mathematics,,,
nineteen.world,available,84,8%,8,Mathematics,,,
seventeen.world,available,84,7%,9,Mathematics,,,
grand.world,resell,84,25%,5,"Finance,General",25/04/2025 01:27,25/04/2026 01:27,"Sav.com, LLC"
adjustable.world,available,84,3%,10,"Manufacturing,Retail,Technology",,,
abdominal.world,available,82,1%,9,"Health and Fitness,Medicine",,,
altered.world,expiring,82,9%,7,"Medicine,Science",08/09/2024 17:00,08/09/2025 17:00,CommuniGal Communication Ltd.
absorbent.world,available,82,3%,9,"Healthcare,Manufacturing,Retail",,,
cleansing.world,available,82,3%,9,Health and Fitness,,,
abroach.world,available,82,1%,7,Food and Beverage,,,
abkhaz.world,available,82,1%,6,Geography,,,
abenaki.world,available,82,2%,7,Geography,,,
fivesome.world,available,82,1%,8,Sports,,,
absorbable.world,available,80,0%,10,"Healthcare,Pharmaceuticals,Science",,,
absurd.world,expiring,80,16%,6,"Arts,Entertainment,Media",18/09/2024 17:00,18/09/2025 17:00,CommuniGal Communication Ltd.
some.world,resell,80,32%,4,"Business,Media,Retail",22/12/2023 15:15,22/12/2025 15:15,"Chengdu West Dimension Digital Technology Co., Ltd."
superstar.world,resell,80,18%,9,Entertainment,10/08/2020 00:57,10/08/2026 00:57,"Xiamen ChinaSource Internet Service Co., Ltd"
nine.world,resell,80,24%,4,"General,Mathematics",12/01/2017 01:36,12/01/2026 01:36,"Xiamen ChinaSource Internet Service Co., Ltd"
twenty.world,resell,80,12%,6,Mathematics,18/04/2025 15:15,18/04/2026 15:15,"Sav.com, LLC - 36"
able.world,resell,80,29%,4,"Business,Education,General,Technology",11/06/2020 19:00,11/06/2026 19:00,"DNSPod, Inc."
adoptable.world,available,80,3%,9,"Education,Healthcare",,,
dorsal.world,expiring,80,6%,6,"Medicine,Science",26/08/2023 18:55,26/08/2025 18:55,"GoDaddy.com, LLC"
worshipful.world,available,80,1%,10,"Education,Healthcare,Religion",,,
seventh.world,resell,80,10%,7,Mathematics,13/05/2025 15:15,13/05/2026 15:15,"Sav.com, LLC - 25"
trio.world,resell,80,21%,4,Entertainment,01/12/2019 18:45,01/12/2025 18:45,"Chengdu West Dimension Digital Technology Co., Ltd."
yard.world,expiring,80,26%,4,"Construction,General",05/09/2019 13:06,05/09/2025 13:06,"Xiamen ChinaSource Internet Service Co., Ltd"
abundant.world,expiring,80,19%,8,"Agriculture,Manufacturing,Retail",11/09/2024 15:15,11/09/2025 15:15,"Xiamen ChinaSource Internet Service Co., Ltd"
accepted.world,available,78,6%,8,"Business,Education,Technology",,,
accidental.world,available,78,11%,10,"Healthcare,Insurance,Transportation",,,
recognized.world,available,78,3%,10,"Business,Education,Technology",,,
accurate.world,resell,78,16%,8,"Engineering,Mathematics,Science",31/03/2020 08:50,31/03/2026 08:50,"Xiamen ChinaSource Internet Service Co., Ltd"
adrenal.world,available,78,4%,7,"Education,Healthcare,Science",,,
acceptable.world,available,78,5%,10,"Business,Hospitality,Retail",,,
dormant.world,available,78,4%,7,"Medicine,Science",,,
accessible.world,resell,78,21%,10,"Healthcare,Retail,Technology",23/01/2025 15:15,23/01/2026 15:15,"Sav.com, LLC - 16"
absorptive.world,available,78,1%,10,"Healthcare,Manufacturing,Retail",,,
adorable.world,expired,78,8%,8,"Entertainment,Fashion,Retail",19/06/2024 17:00,19/06/2025 17:00,"Sav.com, LLC - 41"
recognised.world,available,78,3%,10,"Business,Education,Technology",,,
athletic.world,expiring,78,15%,8,"Health and Fitness,Sports",12/09/2023 15:15,12/09/2025 15:15,"Chengdu West Dimension Digital Technology Co., Ltd."
abkhasian.world,available,78,1%,9,Geography,,,
abkhazian.world,available,78,1%,9,Geography,,,
adjacent.world,available,78,9%,8,"Construction,Real Estate,Retail",,,
honestly.world,expired,78,9%,8,"Business,Law",18/06/2024 18:38,18/06/2025 18:38,"GoDaddy.com, LLC"
acceptant.world,available,78,1%,9,"Education,Healthcare",,,
obscene.world,available,76,5%,7,"Entertainment,Media",,,
nineteenth.world,available,76,3%,10,Mathematics,,,
ague.world,available,76,2%,4,"Geography,Medicine,Science",,,
firstrate.world,available,76,6%,10,Business,,,
addable.world,available,76,2%,7,"Engineering,Mathematics,Science",,,
abrasive.world,available,76,6%,8,"Construction,Manufacturing",,,
ancillary.world,available,76,6%,9,"Healthcare,Manufacturing,Technology",,,
adipose.world,available,76,2%,7,"Healthcare,Science",,,
incidental.world,available,76,4%,10,"Healthcare,Insurance,Transportation",,,
adaptive.world,resell,76,28%,8,"Business,Education,Technology",02/11/2019 16:51,02/11/2025 16:51,"Chengdu West Dimension Digital Technology Co., Ltd."
improvise.world,available,76,4%,9,Entertainment,,,
adaptable.world,available,76,9%,9,"Business,Education,Technology",,,
fourteenth.world,available,76,1%,10,Mathematics,,,
thousandth.world,available,76,1%,10,Mathematics,,,
ventral.world,available,76,3%,7,Science,,,
auxiliary.world,available,76,7%,9,"Healthcare,Manufacturing,Technology",,,
resultant.world,available,76,2%,9,"Healthcare,Insurance,Transportation",,,
adhesive.world,resell,76,7%,8,"Construction,Manufacturing,Technology",05/08/2024 17:00,05/08/2026 17:00,"Sav.com, LLC - 18"
acoustic.world,resell,76,14%,8,Science,08/11/2022 15:15,08/11/2025 15:15,"Chengdu West Dimension Digital Technology Co., Ltd."
energizing.world,available,76,3%,10,"Food and Beverage,Health and Fitness,Travel",,,
adherent.world,available,76,4%,8,"Politics,Religion",,,
hundredth.world,available,76,1%,9,Mathematics,,,
single.world,resell,74,19%,6,Sports,02/04/2017 11:32,02/04/2026 11:32,"Chengdu West Dimension Digital Technology Co., Ltd."
mavin.world,available,74,7%,5,"Entertainment,Fashion,Technology",,,
admirable.world,available,74,5%,9,"Business,Education,Healthcare",,,
supra.world,resell,74,25%,5,"Medicine,Science",05/12/2024 17:00,05/12/2025 17:00,"Sav.com, LLC - 36"
accepting.world,available,74,3%,9,"Education,Healthcare",,,
cleared.world,available,74,7%,7,"Healthcare,Law,Transportation",,,
realizable.world,available,74,1%,10,"Business,Education,Technology",,,
sensation.world,resell,74,7%,9,"Entertainment,Media,Sports",26/04/2025 15:15,26/04/2026 15:15,"Sav.com, LLC - 25"
achievable.world,available,74,4%,10,"Business,Education,Technology",,,
adrenergic.world,available,74,1%,10,"Education,Healthcare,Science",,,
activated.world,available,74,9%,9,"Healthcare,Manufacturing,Technology",,,
skilful.world,available,74,3%,7,"Education,Health and Fitness,Sports",,,
broad.world,resell,74,13%,5,"Entertainment,General,Media",23/10/2017 21:58,23/10/2025 21:58,"Chengdu West Dimension Digital Technology Co., Ltd."
acuate.world,available,74,2%,6,"Engineering,Medicine,Science",,,
adamant.world,expiring,74,14%,7,Religion,12/09/2019 17:24,12/09/2025 17:24,Squarespace Domains II LLC
adenoid.world,available,74,1%,7,"Health and Fitness,Medicine,Science",,,
playing.world,resell,74,12%,7,Entertainment,22/12/2022 15:15,22/12/2025 15:15,"Xiamen ChinaSource Internet Service Co., Ltd"
adjunctive.world,available,72,1%,10,"Healthcare,Manufacturing,Technology",,,
adiabatic.world,available,72,3%,9,"Engineering,Science",,,
improvize.world,available,72,1%,9,Entertainment,,,
ninetieth.world,available,72,1%,9,Mathematics,,,
adjectival.world,available,72,1%,10,Education,,,
engrossed.world,available,72,1%,9,"Entertainment,Media,Technology",,,
champion.world,expiring,72,28%,8,"Entertainment,Health and Fitness,Sports",18/09/2018 18:10,18/09/2025 18:10,"Chengdu West Dimension Digital Technology Co., Ltd."
accusative.world,available,72,0%,10,"Humanities,Law",,,
sixtieth.world,available,72,1%,8,Mathematics,,,
deep.world,resell,72,41%,4,"Engineering,Mathematics,Science",06/10/2021 13:15,06/10/2025 13:15,Dynadot Inc
absolutist.world,available,72,1%,10,"Humanities,Law,Politics",,,
accustomed.world,available,72,1%,10,"Business,Education,Humanities",,,
adonic.world,available,72,2%,6,"Arts,Education,Entertainment",,,
seventieth.world,available,72,1%,10,Mathematics,,,
absorbed.world,available,72,2%,8,"Entertainment,Media,Technology",,,
lovely.world,resell,72,26%,6,"Entertainment,Fashion,Retail",28/06/2019 08:34,28/06/2026 08:34,"Xiamen ChinaSource Internet Service Co., Ltd"
addicted.world,available,72,9%,8,Healthcare,,,
liv.world,resell,72,27%,3,Mathematics,19/04/2025 15:15,19/04/2026 15:15,"Sav.com, LLC - 26"
adaptative.world,available,72,1%,10,"Business,Education,Technology",,,
trey.world,available,72,14%,4,Sports,,,
trinity.world,available,72,18%,7,Religion,,,
abreast.world,available,72,2%,7,"Business,Technology",,,
eightieth.world,available,72,1%,9,Mathematics,,,
existent.world,available,72,3%,8,"Mathematics,Science",,,
lowdown.world,available,70,6%,8,"Entertainment,Media",,,
absorbing.world,available,70,3%,9,"Entertainment,Media,Technology",,,
gymnastic.world,resell,70,3%,9,"Entertainment,Sports",18/01/2015 09:35,18/01/2026 09:35,"GoDaddy.com, LLC"
skillful.world,available,70,9%,8,"Education,Health and Fitness,Sports",,,
miserable.world,available,70,4%,9,Humanities,,,
tiptop.world,resell,70,24%,6,Fashion,27/12/2024 15:15,27/12/2025 15:15,"Sav.com, LLC - 15"
practiced.world,available,70,3%,9,"Education,Health and Fitness,Sports",,,
abulic.world,available,70,1%,6,Medicine,,,
acuminate.world,available,70,1%,9,"Engineering,Medicine,Science",,,
offhand.world,available,70,2%,7,Entertainment,,,
adored.world,expired,70,6%,6,"Entertainment,Fashion,Retail",16/07/2024 10:26,16/07/2025 10:26,"NameSilo, LLC"
accumbent.world,available,70,1%,9,"Healthcare,Medicine,Science",,,
adamantine.world,available,70,4%,10,Religion,,,
consequent.world,available,70,3%,10,"Business,Education,General,Technology",,,
adjusted.world,available,70,5%,8,"Manufacturing,Retail,Technology",,,
stillborn.world,available,70,2%,9,"Medicine,Science",,,
recumbent.world,available,70,2%,9,"Healthcare,Medicine,Science",,,
abradant.world,available,70,1%,8,"Construction,Manufacturing",,,
licensed.world,available,68,5%,8,"Business,Healthcare,Insurance",,,
stygian.world,available,68,5%,7,Humanities,,,
achaian.world,available,68,2%,7,Humanities,,,
octonary.world,available,68,1%,8,Mathematics,,,
licenced.world,available,68,2%,8,"Business,Healthcare,Insurance",,,
abnaki.world,available,68,1%,6,Geography,,,
accredited.world,available,68,9%,10,"Business,Education,Healthcare",,,
fortieth.world,available,68,0%,8,Mathematics,,,
ane.world,expired,68,12%,3,Mathematics,31/05/2024 17:00,31/05/2025 17:00,"Sav.com, LLC - 18"
abducent.world,available,68,0%,8,Medicine,,,
aberdonian.world,available,68,1%,10,Geography,,,
threesome.world,available,68,5%,9,Entertainment,,,
decorated.world,available,68,3%,9,"Entertainment,Fashion,Retail",,,
overseas.world,resell,68,12%,8,"Hospitality,Travel",16/01/2024 15:15,16/01/2026 15:15,"Chengdu West Dimension Digital Technology Co., Ltd."
thirtieth.world,available,68,1%,9,Mathematics,,,
fiftieth.world,available,68,0%,8,Mathematics,,,
sevener.world,available,68,1%,7,Mathematics,,,
septenary.world,available,68,1%,9,Mathematics,,,
scurvy.world,available,68,3%,6,Humanities,,,
vindicated.world,available,68,2%,10,"Humanities,Law,Politics",,,
ablative.world,available,68,3%,8,Science,,,
ennead.world,available,68,5%,6,Mathematics,,,
abkhas.world,available,68,0%,6,Geography,,,
acerate.world,available,68,1%,7,Science,,,
aroused.world,available,68,3%,7,"Entertainment,Health and Fitness",,,
activating.world,available,68,3%,10,"Healthcare,Manufacturing,Technology",,,
aculeate.world,available,68,1%,8,"Engineering,Medicine,Science",,,
achaean.world,available,68,2%,7,Humanities,,,
foursome.world,available,68,4%,8,Sports,,,
disciple.world,resell,68,14%,8,"Education,Religion",08/03/2020 08:37,08/03/2026 08:37,"Xiamen ChinaSource Internet Service Co., Ltd"
tenner.world,available,66,5%,6,Finance,,,
latest.world,resell,66,18%,6,Technology,20/12/2021 13:15,20/12/2025 13:15,"Xiamen ChinaSource Internet Service Co., Ltd"
acrobatic.world,available,66,4%,9,"Entertainment,Sports",,,
four.world,resell,66,27%,4,Mathematics,25/03/2019 09:02,25/03/2026 09:02,"Xiamen ChinaSource Internet Service Co., Ltd"
xvii.world,available,66,5%,4,Mathematics,,,
accessary.world,available,66,1%,9,"Business,Law,Technology",,,
xviii.world,available,66,5%,5,Mathematics,,,
modish.world,available,66,5%,6,Fashion,,,
exonerated.world,available,66,2%,10,"Humanities,Law,Politics",,,
eighty.world,available,66,6%,6,Mathematics,,,
acervate.world,available,66,1%,8,Science,,,
xxvi.world,available,66,3%,4,Mathematics,,,
abstinent.world,available,66,1%,9,"Health and Fitness,Religion",,,
maven.world,resell,66,30%,5,"Entertainment,Fashion,Technology",17/07/2025 15:16,17/07/2026 15:16,"Xiamen ChinaSource Internet Service Co., Ltd"
onec.world,available,66,6%,5,Mathematics,,,
xxii.world,available,66,6%,4,Mathematics,,,
sextet.world,available,66,1%,6,Entertainment,,,
aflame.world,available,64,3%,6,Entertainment,,,
deviant.world,resell,64,12%,7,"Medicine,Science",25/01/2025 21:49,25/01/2026 21:49,"Sav.com, LLC"
absolved.world,available,64,1%,8,"Humanities,Law,Religion",,,
rising.world,resell,64,18%,6,"Construction,Manufacturing,Real Estate",08/06/2019 00:59,08/06/2026 00:59,"Xiamen ChinaSource Internet Service Co., Ltd"
scatty.world,available,64,1%,6,"Arts,Entertainment,Media",,,
acentric.world,available,64,2%,8,Science,,,
nondrinker.world,available,64,1%,10,"Health and Fitness,Religion",,,
adagio.world,expired,64,14%,6,Entertainment,23/06/2024 15:47,23/06/2025 15:47,"Spaceship, Inc."
astringent.world,available,64,1%,10,"Healthcare,Pharmaceuticals",,,
accordant.world,available,64,3%,9,"Arts,Entertainment",,,
cumulative.world,available,62,2%,10,"Banking,Finance,Insurance",,,
chiliad.world,available,62,2%,7,Mathematics,,,
roughly.world,available,62,3%,7,"Business,Media,Technology",,,
nail.world,resell,62,16%,4,"Construction,Fashion,General,Retail",14/01/2015 20:19,14/01/2026 20:19,Dynadot Inc
quartet.world,available,62,7%,7,"Arts,Entertainment",,,
exculpated.world,available,62,1%,10,"Humanities,Law,Politics",,,
playacting.world,available,62,1%,10,Entertainment,,,
abo.world,resell,62,15%,3,Science,27/07/2024 17:00,27/07/2026 17:00,"Sav.com, LLC - 38"
longdozen.world,available,62,2%,10,Mathematics,,,
aborigine.world,available,62,1%,9,Humanities,,,
accrued.world,available,62,2%,7,"Banking,Finance,Insurance",,,
orso.world,available,62,9%,5,"Business,Media,Technology",,,
adoptive.world,available,62,1%,8,"Education,Healthcare",,,
adjuvant.world,available,62,5%,8,"Healthcare,Manufacturing,Technology",,,
twodozen.world,available,62,1%,9,Mathematics,,,
activation.world,resell,62,16%,10,"Healthcare,Manufacturing,Technology",28/04/2025 15:15,28/04/2026 15:15,"Sav.com, LLC - 2"
wrapped.world,expired,62,13%,7,"Fashion,Hospitality,Retail",17/06/2024 17:00,17/06/2025 17:00,"Sav.com, LLC - 39"
troika.world,resell,62,8%,6,Politics,03/04/2025 19:19,03/04/2026 19:19,"Sav.com, LLC"
accusing.world,available,62,1%,8,Law,,,
sixteenth.world,available,62,1%,9,Mathematics,,,
pungent.world,available,62,1%,7,Food and Beverage,,,
ensuant.world,available,62,1%,7,"Healthcare,Insurance,Transportation",,,
activistic.world,available,62,1%,10,"Humanities,Politics",,,
eighteenth.world,available,62,1%,10,Mathematics,,,
admissible.world,available,62,1%,10,"Education,Healthcare,Law",,,
idolised.world,available,60,1%,8,"Entertainment,Fashion,Retail",,,
abstemious.world,available,60,0%,10,"Food and Beverage,Health and Fitness,Hospitality",,,
cxlv.world,available,60,2%,4,Mathematics,,,
thou.world,available,60,7%,4,Mathematics,,,
adnate.world,available,60,1%,6,"Agriculture,Manufacturing,Retail",,,
clxxx.world,available,60,1%,5,Mathematics,,,
clxx.world,available,60,3%,4,Mathematics,,,
cxxx.world,available,60,4%,4,Mathematics,,,
aboveboard.world,available,60,5%,10,"Business,Law",,,
cxxxv.world,available,60,2%,5,Mathematics,,,
acceptive.world,available,60,1%,9,"Education,Healthcare",,,
clxv.world,available,60,1%,4,Mathematics,,,
clxxv.world,available,60,1%,5,Mathematics,,,
clx.world,resell,60,10%,3,Mathematics,31/03/2025 17:02,31/03/2026 17:02,"Sav.com, LLC"
cxx.world,resell,60,10%,3,Mathematics,01/06/2025 05:46,01/06/2026 05:46,"Sav.com, LLC"
cxxv.world,available,60,1%,4,Mathematics,,,
eightysix.world,available,60,7%,10,Mathematics,,,
adnexal.world,available,60,1%,7,"Agriculture,Manufacturing,Retail",,,
paunchy.world,available,60,0%,7,"Health and Fitness,Medicine",,,
tertiary.world,available,60,4%,8,Education,,,
sixty.world,expiring,60,13%,5,Mathematics,05/09/2023 22:10,05/09/2025 22:10,"GoDaddy.com, LLC"
cxv.world,available,60,4%,3,Mathematics,,,
octet.world,available,60,12%,5,Arts,,,
abstainer.world,available,60,0%,9,"Health and Fitness,Religion",,,
annexal.world,available,60,1%,7,"Agriculture,Manufacturing,Retail",,,
idolized.world,available,60,3%,8,"Entertainment,Fashion,Retail",,,
cautionary.world,available,60,1%,10,"Business,Education,Healthcare",,,
tercet.world,available,59,2%,6,"Arts,Entertainment,Media",,,
abandoned.world,expired,58,10%,9,"Construction,Real Estate",07/07/2015 00:51,07/07/2025 00:51,"Name.com, Inc."
sixtyone.world,available,58,3%,9,Mathematics,,,
super.world,resell,58,47%,5,Business,14/01/2015 16:00,14/01/2026 16:00,1API GmbH
offhanded.world,available,58,1%,9,Entertainment,,,
niner.world,available,58,5%,5,Mathematics,,,
linear.world,resell,58,22%,6,"Engineering,Mathematics,Science",28/04/2018 00:28,28/04/2026 00:28,"Xiamen ChinaSource Internet Service Co., Ltd"
fifth.world,resell,58,12%,5,Mathematics,04/11/2023 15:15,04/11/2025 15:15,"Chengdu West Dimension Digital Technology Co., Ltd."
sextuplet.world,available,58,1%,9,Healthcare,,,
hexad.world,available,58,4%,5,Mathematics,,,
seven.world,resell,58,36%,5,Mathematics,03/04/2018 13:57,03/04/2026 13:57,"GoDaddy.com, LLC"
abuzz.world,available,58,5%,5,"Entertainment,Media,Technology",,,
abridged.world,available,58,4%,8,Media,,,
adjustive.world,available,58,1%,9,"Manufacturing,Retail,Technology",,,
octad.world,available,58,5%,5,Mathematics,,,
fourscore.world,available,58,4%,9,Mathematics,,,
abused.world,available,58,5%,6,"Healthcare,Law",,,
tetrad.world,available,58,5%,6,Mathematics,,,
addible.world,available,58,2%,7,"Engineering,Mathematics,Science",,,
eighter.world,available,58,2%,7,Mathematics,,,
ache.world,available,58,7%,4,Healthcare,,,
justabout.world,available,58,3%,10,"Business,Media,Technology",,,
acyclic.world,available,58,4%,7,"Engineering,Mathematics,Science",,,
sixer.world,available,58,5%,5,Sports,,,
lxxx.world,available,58,2%,4,Mathematics,,,
aucourant.world,available,58,3%,10,"Fashion,Media",,,
accretive.world,available,58,6%,9,"Banking,Finance,Insurance",,,
cypher.world,resell,58,29%,6,Mathematics,15/03/2023 15:15,15/03/2026 15:15,"Xiamen ChinaSource Internet Service Co., Ltd"
lxxviii.world,available,58,1%,7,Mathematics,,,
accoutred.world,available,58,1%,9,"Fashion,Manufacturing,Retail",,,
closeto.world,available,58,3%,8,"Business,Media,Technology",,,
twelfth.world,available,58,2%,7,Mathematics,,,
centesimal.world,available,58,1%,10,Mathematics,,,
addressed.world,resell,58,3%,9,"Business,Technology,Telecommunications",16/02/2025 18:59,16/02/2026 18:59,Domain Science Kutatási Szolgáltató Korlátolt Felelősségű Társaság
acetic.world,available,58,1%,6,"Food and Beverage,Science",,,
adient.world,available,58,4%,6,"Medicine,Science",,,
heptad.world,available,58,1%,6,Mathematics,,,
enwrapped.world,available,58,0%,9,"Entertainment,Fashion,Media",,,
accented.world,available,58,3%,8,"Arts,Entertainment",,,
xxxviii.world,available,56,1%,7,Mathematics,,,
addled.world,available,56,2%,6,Entertainment,,,
abeyant.world,available,56,1%,7,"Business,Law",,,
fiftyfour.world,available,56,3%,10,Mathematics,,,
xxiii.world,available,56,5%,5,Mathematics,,,
xxxiii.world,available,56,2%,6,Mathematics,,,
xxxvii.world,available,56,2%,6,Mathematics,,,
accoutered.world,available,56,0%,10,"Fashion,Manufacturing,Retail",,,
liii.world,available,56,4%,4,Mathematics,,,
potbellied.world,available,56,0%,10,"Health and Fitness,Medicine",,,
xlvi.world,available,56,3%,4,Mathematics,,,
xxxii.world,available,56,1%,5,Mathematics,,,
admissive.world,available,56,1%,9,"Education,Healthcare,Hospitality",,,
xlii.world,available,56,5%,4,Mathematics,,,
halfdozen.world,available,56,1%,10,Mathematics,,,
xlviii.world,available,56,1%,6,Mathematics,,,
lvii.world,available,56,1%,4,Mathematics,,,
admittable.world,available,56,1%,10,"Education,Healthcare,Hospitality",,,
lviii.world,available,56,1%,5,Mathematics,,,
ilx.world,available,56,5%,3,Mathematics,,,
xli.world,available,56,5%,3,Mathematics,,,
xxxvi.world,available,56,1%,5,Mathematics,,,
appressed.world,available,56,0%,9,"Agriculture,Manufacturing,Retail",,,
thirtysix.world,available,56,5%,10,Mathematics,,,
xxix.world,available,56,4%,4,Mathematics,,,
xxvii.world,available,56,3%,5,Mathematics,,,
fortynine.world,available,56,3%,10,Mathematics,,,
terzetto.world,available,56,3%,8,Arts,,,
xxiv.world,available,56,5%,4,Mathematics,,,
xliv.world,available,56,2%,4,Mathematics,,,
fiftynine.world,available,56,4%,10,Mathematics,,,
xxxiv.world,available,56,1%,5,Mathematics,,,
admittible.world,available,56,1%,10,"Education,Healthcare,Hospitality",,,
xxviii.world,available,56,1%,6,Mathematics,,,
abdominous.world,available,56,0%,10,"Health and Fitness,Medicine",,,
xliii.world,available,56,1%,5,Mathematics,,,
xlv.world,available,56,6%,3,Mathematics,,,
xlvii.world,available,56,2%,5,Mathematics,,,
lvi.world,available,56,8%,3,Mathematics,,,
thirtytwo.world,available,56,5%,10,Mathematics,,,
xxxv.world,available,56,4%,4,Mathematics,,,
triad.world,resell,56,15%,5,Arts,04/08/2025 15:15,04/08/2026 15:15,"Xiamen ChinaSource Internet Service Co., Ltd"
fiftysix.world,available,56,4%,9,Mathematics,,,
maledict.world,available,56,1%,8,Religion,,,
twoscore.world,available,54,2%,8,Mathematics,,,
admonitory.world,available,54,0%,10,"Business,Education,Healthcare",,,
adducent.world,available,54,1%,8,"Engineering,Mathematics,Science",,,
deuceace.world,available,54,2%,9,Sports,,,
achromatic.world,available,54,4%,10,Science,,,
accentual.world,available,54,3%,9,"Arts,Entertainment",,,
actuated.world,available,54,2%,8,"Automotive,Manufacturing,Technology",,,
adpressed.world,available,54,0%,9,"Agriculture,Manufacturing,Retail",,,
sise.world,available,54,5%,4,Mathematics,,,
abaxial.world,available,54,1%,7,Science,,,
quintuplet.world,available,54,1%,10,"Healthcare,Medicine,Science",,,
scratchy.world,expiring,54,3%,8,Fashion,31/08/2022 21:36,31/08/2025 21:36,"Name.com, Inc."
abatable.world,available,54,1%,8,Law,,,
ternion.world,available,54,3%,7,Mathematics,,,
adductive.world,available,54,0%,9,"Engineering,Mathematics,Science",,,
deserted.world,available,54,3%,8,"Hospitality,Real Estate",,,
quadruplet.world,available,54,1%,10,"Healthcare,Medicine,Science",,,
quaternion.world,available,54,6%,10,Mathematics,,,
vii.world,resell,54,13%,3,Mathematics,14/01/2025 12:17,14/01/2026 12:17,"Sav.com, LLC"
abducens.world,available,54,1%,8,Medicine,,,
fortyfive.world,available,54,4%,10,Mathematics,,,
adaxial.world,available,54,2%,7,Science,,,
abhorrent.world,available,54,1%,9,Humanities,,,
abatic.world,available,54,1%,6,Science,,,
monitory.world,available,54,3%,8,"Business,Education,Healthcare",,,
abient.world,available,54,1%,6,Science,,,
viii.world,available,54,6%,4,Mathematics,,,
aboral.world,available,54,2%,6,Science,,,
adducting.world,available,54,1%,9,"Engineering,Mathematics,Science",,,
fin.world,expiring,54,30%,3,Finance,13/09/2015 21:02,13/09/2025 21:02,"GoDaddy.com, LLC"
topnotch.world,resell,54,18%,8,Business,29/11/2022 14:35,29/11/2025 14:35,Alibaba Cloud Computing Ltd. d/b/a HiChina (www.net.cn)
abasic.world,available,54,1%,6,Science,,,
quatern.world,available,54,2%,7,Mathematics,,,
adjuratory.world,available,54,0%,10,"Law,Politics,Religion",,,
achy.world,available,54,3%,4,Healthcare,,,
threescore.world,available,54,1%,10,Mathematics,,,
unnatural.world,available,54,4%,9,"Medicine,Science",,,
septet.world,available,53,1%,6,General,,,
xxx.world,available,53,30%,3,"Arts,Entertainment,Media",,,
sestet.world,available,53,1%,6,Arts,,,
lxvi.world,available,52,3%,4,Mathematics,,,
tierce.world,available,52,3%,6,General,,,
repulsive.world,available,52,1%,9,Humanities,,,
littlejoe.world,available,52,2%,10,"Entertainment,Media",,,
lxxxvi.world,available,52,1%,6,Mathematics,,,
eightytwo.world,available,52,4%,10,Mathematics,,,
sixtytwo.world,available,52,3%,9,Mathematics,,,
ninetytwo.world,available,52,4%,10,Mathematics,,,
xcviii.world,available,52,1%,6,Mathematics,,,
xcvii.world,available,52,1%,5,Mathematics,,,
decumbent.world,available,52,1%,9,"Healthcare,Medicine,Science",,,
lxviii.world,available,52,1%,6,Mathematics,,,
lxxv.world,available,52,1%,4,Mathematics,,,
detestable.world,available,52,1%,10,Humanities,,,
lxxvi.world,available,52,1%,5,Mathematics,,,
lxxiv.world,available,52,1%,5,Mathematics,,,
lxiii.world,available,52,2%,5,Mathematics,,,
lxxxiv.world,available,52,1%,6,Mathematics,,,
eightyone.world,available,52,3%,10,Mathematics,,,
lxxvii.world,available,52,2%,6,Mathematics,,,
abysmal.world,available,52,4%,7,"Arts,Entertainment,Media",,,
chagrined.world,available,52,1%,9,Humanities,,,
sixtyfive.world,available,52,3%,10,Mathematics,,,
xci.world,available,52,4%,3,Mathematics,,,
odious.world,available,52,2%,6,"Entertainment,Humanities",,,
uphill.world,available,52,7%,6,"Sports,Transportation,Travel",,,
xciii.world,available,52,1%,5,Mathematics,,,
repugnant.world,available,52,1%,9,Humanities,,,
sixtysix.world,available,52,4%,9,Mathematics,,,
lxv.world,resell,52,5%,3,Mathematics,14/06/2025 09:29,14/06/2026 09:29,"Sav.com, LLC"
ninetysix.world,available,52,4%,10,Mathematics,,,
aboulic.world,available,52,1%,7,Medicine,,,
lxxi.world,available,52,1%,4,Mathematics,,,
lxvii.world,available,52,1%,5,Mathematics,,,
xcvi.world,available,52,2%,4,Mathematics,,,
lxxxiii.world,available,52,1%,7,Mathematics,,,
adenoidal.world,available,52,1%,9,"Health and Fitness,Medicine,Science",,,
ixl.world,resell,52,9%,3,Mathematics,01/04/2025 17:03,01/04/2026 17:03,"Sav.com, LLC"
abstruse.world,available,52,5%,8,"Humanities,Mathematics,Science",,,
lxxii.world,available,52,1%,5,Mathematics,,,
xciv.world,available,52,2%,4,Mathematics,,,
lxxxv.world,available,52,1%,5,Mathematics,,,
ablated.world,available,52,1%,7,Science,,,
ixc.world,available,52,5%,3,Mathematics,,,
lxxxii.world,available,52,1%,6,Mathematics,,,
sixtyfour.world,available,52,3%,10,Mathematics,,,
lxii.world,available,52,1%,4,Mathematics,,,
lxxxvii.world,available,52,1%,7,Mathematics,,,
abusive.world,expiring,52,3%,7,"Healthcare,Law",01/09/2024 12:19,01/09/2025 12:19,Dynadot Inc
lxxiii.world,available,52,1%,6,Mathematics,,,
xcii.world,available,52,2%,4,Mathematics,,,
lxxxi.world,available,52,1%,5,Mathematics,,,
adhominem.world,available,50,2%,10,"Humanities,Law,Politics",,,
acerbic.world,available,50,2%,7,"Arts,Humanities,Media",,,
aborticide.world,available,50,0%,10,Medicine,,,
aculeated.world,available,50,0%,9,"Engineering,Medicine,Science",,,
abducting.world,available,50,0%,9,Medicine,,,
acellular.world,available,50,1%,9,Science,,,
abbatial.world,available,50,0%,8,Religion,,,
needlelike.world,available,50,0%,10,"Engineering,Medicine,Science",,,
vinegary.world,available,50,1%,8,Food and Beverage,,,
acapnic.world,available,50,0%,7,"Healthcare,Medicine,Science",,,
adactylous.world,available,50,0%,10,Science,,,
abdicable.world,available,50,0%,9,Law,,,
trine.world,available,50,11%,5,"General,Religion",,,
scummy.world,available,50,1%,6,Humanities,,,
abomasal.world,available,50,0%,8,Agriculture,,,
cinque.world,available,50,7%,6,Mathematics,,,
abactinal.world,available,50,0%,9,Science,,,
acquitted.world,available,50,1%,9,Law,,,
ogdoad.world,available,50,1%,6,Mathematics,,,
acerose.world,available,50,1%,7,Science,,,
acapnotic.world,available,50,0%,9,"Healthcare,Medicine,Science",,,
acetose.world,available,50,1%,7,Science,,,
gillless.world,available,50,0%,9,Science,,,
acetous.world,available,50,1%,7,Science,,,
quint.world,available,50,13%,5,"Arts,Entertainment",,,
lxx.world,available,50,5%,3,Mathematics,,,
abranchial.world,available,50,0%,10,Science,,,
broached.world,available,50,0%,8,Food and Beverage,,,
acaudal.world,available,50,1%,7,"Agriculture,Science",,,
spinous.world,available,50,1%,7,"Agriculture,Science",,,
acerb.world,available,50,2%,5,Science,,,
lxxxviii.world,available,48,1%,8,Mathematics,,,
notguilty.world,available,48,5%,10,Law,,,
execrable.world,available,48,0%,9,"Entertainment,Humanities",,,
ilxxx.world,available,48,1%,5,Mathematics,,,
ilxx.world,available,48,1%,4,Mathematics,,,
apriori.world,expiring,48,13%,8,Mathematics,29/08/2015 01:33,29/08/2025 01:33,"GoDaddy.com, LLC"
acanthous.world,available,46,0%,9,"Agriculture,Science",,,
acheronian.world,available,46,1%,10,Humanities,,,
acapnial.world,available,46,0%,8,"Healthcare,Medicine,Science",,,
achromous.world,available,46,1%,9,Science,,,
acetylenic.world,available,46,1%,10,Science,,,
acephalous.world,available,46,1%,10,Science,,,
acetonic.world,available,46,1%,8,Science,,,
vinegarish.world,available,46,1%,10,Food and Beverage,,,
acaudate.world,available,46,1%,8,"Agriculture,Science",,,
acanthoid.world,available,46,1%,9,"Agriculture,Science",,,
cotyloid.world,available,46,1%,8,Science,,,
acarpelous.world,available,46,0%,10,"Agriculture,Science",,,
acanthotic.world,available,46,0%,10,"Agriculture,Science",,,
achromic.world,available,46,2%,8,Science,,,
acetabular.world,available,46,1%,10,Science,,,
quaternary.world,available,46,3%,10,Mathematics,,,
achenial.world,available,46,1%,8,Science,,,
stripling.world,available,46,2%,9,"Education,Entertainment,Healthcare",,,
acarpous.world,available,46,0%,8,"Agriculture,Science",,,
acicular.world,available,46,2%,8,Science,,,
stemless.world,available,46,2%,8,"Agriculture,Science",,,
acetylic.world,available,46,1%,8,Science,,,
theabsurd.world,available,46,1%,10,"Arts,Entertainment,Media",,,
accusatory.world,available,44,1%,10,Law,,,
acherontic.world,available,44,1%,10,Humanities,,,
cotyloidal.world,available,44,1%,10,Science,,,
abscessed.world,available,41,0%,9,Healthcare,,,
scurrilous.world,available,40,1%,10,"Entertainment,Media,Politics",,,
accurst.world,available,40,1%,7,Religion,,,
accusive.world,available,40,1%,8,Law,,,